{"stats":{"minecraft:killed":{"alexsmobs:raccoon":1,"minecraft:spider":1,"minecraft:creeper":1,"minecraft:sheep":6,"minecraft:skeleton":1,"minecraft:zombie":1,"minecraft:chicken":1},"minecraft:custom":{"minecraft:interact_with_furnace":36,"minecraft:mob_kills":12,"minecraft:interact_with_crafting_table":13,"minecraft:play_one_minute":31556,"minecraft:leave_game":1,"minecraft:time_since_death":31556,"minecraft:sleep_in_bed":1,"minecraft:time_since_rest":21445,"minecraft:sprint_one_cm":66293,"minecraft:damage_taken":247,"minecraft:walk_one_cm":111228,"minecraft:drop":5,"minecraft:damage_dealt":1802,"minecraft:fly_one_cm":90737,"minecraft:crouch_one_cm":1304,"tombstone:undead_killed":2,"minecraft:sneak_time":749,"minecraft:jump":525,"minecraft:walk_on_water_one_cm":94,"minecraft:fall_one_cm":9977},"minecraft:used":{"minecraft:cooked_mutton":5,"minecraft:stone_sword":24,"minecraft:stone_pickaxe":126,"minecraft:iron_sword":14,"minecraft:torch":19,"minecraft:mutton":4,"minecraft:crafting_table":4,"minecraft:white_bed":2,"minecraft:chicken":1,"minecraft:cobblestone":18,"minecraft:oak_sapling":3,"minecraft:furnace":5,"alexsmobs:animal_dictionary":2},"minecraft:dropped":{"minecraft:wheat_seeds":2,"minecraft:stone_sword":2,"minecraft:stick":1},"minecraft:picked_up":{"minecraft:feather":1,"minecraft:chicken":2,"iceandfire:copper_ore":2,"minecraft:andesite":3,"minecraft:oak_log":4,"minecraft:gunpowder":4,"minecraft:dirt":4,"minecraft:wheat_seeds":2,"minecraft:stone_pickaxe":1,"minecraft:iron_ore":34,"minecraft:light_gray_wool":2,"minecraft:oak_planks":15,"minecraft:furnace":6,"minecraft:stick":4,"minecraft:torch":2,"minecraft:gravel":1,"iceandfire:rotten_egg":1,"minecraft:white_bed":1,"minecraft:stone_sword":1,"minecraft:arrow":1,"minecraft:rotten_flesh":2,"minecraft:granite":2,"minecraft:oak_sapling":3,"minecraft:black_wool":1,"minecraft:mutton":10,"minecraft:coal":122,"minecraft:white_wool":3,"minecraft:cobblestone":37},"minecraft:mined":{"minecraft:white_bed":1,"minecraft:granite":2,"minecraft:wall_torch":1,"minecraft:furnace":6,"iceandfire:copper_ore":2,"minecraft:iron_ore":36,"minecraft:andesite":3,"minecraft:grass":5,"minecraft:oak_log":4,"minecraft:coal_ore":44,"minecraft:gravel":1,"minecraft:dirt":5,"minecraft:stone":27,"minecraft:oak_leaves":1},"minecraft:crafted":{"minecraft:oak_planks":16,"minecraft:crafting_table":4,"minecraft:iron_helmet":1,"minecraft:iron_sword":1,"minecraft:furnace":1,"minecraft:cooked_mutton":6,"minecraft:air":0,"minecraft:iron_boots":1,"minecraft:iron_chestplate":1,"minecraft:shield":1,"minecraft:stick":8,"minecraft:iron_ingot":34,"minecraft:stone_pickaxe":1,"minecraft:stone_sword":1,"minecraft:iron_leggings":1,"minecraft:white_bed":1,"minecraft:torch":20}},"DataVersion":2586}