{"stats":{"minecraft:custom":{"minecraft:jump":40,"minecraft:time_since_rest":2061,"minecraft:damage_taken":10,"minecraft:crouch_one_cm":397,"minecraft:damage_dealt":45,"minecraft:play_one_minute":2061,"minecraft:sprint_one_cm":3278,"minecraft:time_since_death":2061,"minecraft:walk_one_cm":2862,"minecraft:sneak_time":174,"minecraft:fall_one_cm":627,"minecraft:fly_one_cm":11062},"minecraft:used":{"alexsmobs:animal_dictionary":1},"minecraft:picked_up":{"minecraft:oak_log":4},"minecraft:mined":{"minecraft:oak_log":4,"minecraft:oak_leaves":1}},"DataVersion":2586}