{"stats":{"minecraft:killed":{"minecraft:sheep":6,"minecraft:skeleton":1,"minecraft:chicken":1,"alexsmobs:raccoon":1,"minecraft:spider":1,"minecraft:creeper":1},"minecraft:custom":{"minecraft:time_since_rest":3950,"minecraft:sprint_one_cm":45526,"minecraft:damage_taken":160,"minecraft:walk_one_cm":44414,"minecraft:mob_kills":11,"minecraft:drop":3,"minecraft:damage_dealt":1065,"minecraft:interact_with_crafting_table":5,"minecraft:fly_one_cm":78493,"minecraft:crouch_one_cm":602,"minecraft:play_one_minute":14061,"tombstone:undead_killed":1,"minecraft:sneak_time":376,"minecraft:jump":398,"minecraft:time_since_death":14061,"minecraft:sleep_in_bed":1,"minecraft:fall_one_cm":7732},"minecraft:used":{"minecraft:stone_sword":24,"minecraft:stone_pickaxe":44,"minecraft:mutton":4,"minecraft:crafting_table":2,"minecraft:oak_sapling":3,"minecraft:white_bed":1,"alexsmobs:animal_dictionary":2},"minecraft:dropped":{"minecraft:wheat_seeds":2,"minecraft:stick":1},"minecraft:picked_up":{"minecraft:stick":4,"minecraft:feather":1,"minecraft:chicken":1,"minecraft:andesite":3,"minecraft:oak_log":4,"iceandfire:rotten_egg":1,"minecraft:gunpowder":2,"minecraft:white_bed":1,"minecraft:dirt":3,"minecraft:arrow":1,"minecraft:wheat_seeds":2,"minecraft:granite":2,"minecraft:light_gray_wool":2,"minecraft:oak_sapling":3,"minecraft:black_wool":1,"minecraft:mutton":10,"minecraft:coal":27,"minecraft:white_wool":3,"minecraft:cobblestone":17},"minecraft:mined":{"minecraft:white_bed":1,"minecraft:andesite":3,"minecraft:granite":2,"minecraft:grass":5,"minecraft:coal_ore":27,"minecraft:oak_log":4,"minecraft:dirt":3,"minecraft:stone":9,"minecraft:oak_leaves":1},"minecraft:crafted":{"minecraft:oak_planks":16,"minecraft:crafting_table":2,"minecraft:stick":4,"minecraft:stone_pickaxe":1,"minecraft:stone_sword":1,"minecraft:white_bed":1}},"DataVersion":2586}