{"stats":{"minecraft:custom":{"minecraft:time_since_rest":4424,"minecraft:play_one_minute":4424,"minecraft:crouch_one_cm":1638,"minecraft:sprint_one_cm":8096,"minecraft:damage_taken":10,"minecraft:walk_one_cm":4394,"minecraft:sneak_time":1302,"minecraft:drop":1,"minecraft:jump":73,"minecraft:time_since_death":4424,"minecraft:fall_one_cm":2194,"minecraft:interact_with_crafting_table":2,"minecraft:fly_one_cm":20013},"minecraft:used":{"minecraft:crafting_table":2,"alexsmobs:animal_dictionary":2,"minecraft:wooden_pickaxe":3},"minecraft:dropped":{"minecraft:wooden_pickaxe":1},"minecraft:picked_up":{"minecraft:crafting_table":1,"minecraft:oak_log":12,"minecraft:cobblestone":3},"minecraft:mined":{"minecraft:grass":2,"minecraft:oak_log":12,"minecraft:tall_grass":2,"minecraft:stone":3,"minecraft:oak_leaves":1,"minecraft:crafting_table":1},"minecraft:crafted":{"minecraft:oak_planks":48,"minecraft:crafting_table":1,"minecraft:stick":12,"minecraft:wooden_pickaxe":1,"minecraft:stone_pickaxe":1}},"DataVersion":2586}