{"stats":{"minecraft:killed":{"minecraft:sheep":3,"minecraft:skeleton":1,"minecraft:pig":1},"minecraft:custom":{"minecraft:time_since_rest":3950,"minecraft:interact_with_furnace":2,"minecraft:sprint_one_cm":31548,"minecraft:damage_taken":50,"minecraft:walk_one_cm":20649,"minecraft:mob_kills":5,"minecraft:drop":2,"minecraft:damage_dealt":505,"minecraft:interact_with_crafting_table":6,"minecraft:fly_one_cm":66329,"minecraft:crouch_one_cm":12277,"minecraft:play_one_minute":16424,"tombstone:undead_killed":1,"minecraft:sneak_time":4336,"minecraft:jump":291,"minecraft:time_since_death":16424,"minecraft:sleep_in_bed":1,"minecraft:fall_one_cm":12302},"minecraft:used":{"minecraft:cooked_mutton":3,"minecraft:stone_sword":10,"minecraft:stone_pickaxe":101,"minecraft:oak_planks":3,"minecraft:wooden_pickaxe":3,"minecraft:stone_axe":2,"minecraft:crafting_table":4,"minecraft:furnace":1,"minecraft:white_bed":1,"alexsmobs:animal_dictionary":2},"minecraft:dropped":{"minecraft:cobblestone":9,"minecraft:wooden_pickaxe":1},"minecraft:picked_up":{"minecraft:crafting_table":4,"minecraft:porkchop":1,"minecraft:oak_log":12,"minecraft:white_bed":1,"minecraft:string":2,"minecraft:arrow":2,"minecraft:wheat_seeds":2,"alexsmobs:raccoon_tail":1,"minecraft:mutton":5,"minecraft:coal":87,"minecraft:white_wool":3,"minecraft:cobblestone":45,"minecraft:furnace":1},"minecraft:mined":{"minecraft:white_bed":1,"minecraft:furnace":1,"minecraft:crafting_table":4,"minecraft:grass":6,"minecraft:grass_block":1,"minecraft:oak_log":12,"minecraft:coal_ore":57,"minecraft:tall_grass":2,"minecraft:stone":45,"minecraft:oak_leaves":1},"minecraft:crafted":{"minecraft:oak_planks":48,"minecraft:crafting_table":2,"minecraft:stick":12,"minecraft:wooden_pickaxe":1,"minecraft:stone_pickaxe":1,"minecraft:stone_sword":1,"minecraft:furnace":1,"minecraft:white_bed":1,"minecraft:stone_axe":1,"minecraft:air":0,"minecraft:cooked_mutton":5}},"DataVersion":2586}