{"stats":{"minecraft:killed":{"minecraft:sheep":3,"minecraft:skeleton":2,"minecraft:zombie":1,"minecraft:pig":1,"minecraft:creeper":1},"minecraft:custom":{"minecraft:time_since_rest":19376,"minecraft:interact_with_furnace":3,"minecraft:sprint_one_cm":58544,"minecraft:damage_taken":135,"minecraft:walk_one_cm":63276,"minecraft:mob_kills":8,"minecraft:drop":2,"minecraft:damage_dealt":1273,"minecraft:interact_with_crafting_table":10,"minecraft:fly_one_cm":98963,"minecraft:crouch_one_cm":26660,"minecraft:play_one_minute":31850,"tombstone:undead_killed":3,"minecraft:sneak_time":7884,"minecraft:jump":512,"minecraft:leave_game":1,"minecraft:walk_on_water_one_cm":8729,"minecraft:time_since_death":31850,"minecraft:sleep_in_bed":1,"minecraft:fall_one_cm":15710},"minecraft:used":{"minecraft:cooked_mutton":4,"minecraft:stone_sword":26,"minecraft:stone_pickaxe":238,"minecraft:oak_planks":3,"minecraft:wooden_pickaxe":3,"minecraft:oak_door":2,"minecraft:stone_axe":3,"minecraft:torch":15,"minecraft:cobblestone":71,"minecraft:crafting_table":7,"minecraft:furnace":2,"minecraft:andesite":2,"minecraft:white_bed":1,"alexsmobs:animal_dictionary":2,"minecraft:granite":9},"minecraft:dropped":{"minecraft:cobblestone":9,"minecraft:wooden_pickaxe":1},"minecraft:broken":{"minecraft:stone_pickaxe":1},"minecraft:picked_up":{"minecraft:crafting_table":5,"minecraft:andesite":2,"minecraft:torch":1,"minecraft:flint":1,"minecraft:porkchop":1,"minecraft:oak_log":12,"minecraft:white_bed":1,"minecraft:gunpowder":1,"minecraft:dirt":4,"minecraft:string":2,"minecraft:arrow":3,"minecraft:rotten_flesh":1,"minecraft:bow":1,"minecraft:wheat_seeds":2,"minecraft:granite":9,"minecraft:iron_ore":48,"alexsmobs:raccoon_tail":1,"minecraft:mutton":5,"minecraft:coal":87,"minecraft:white_wool":3,"minecraft:cobblestone":128,"minecraft:furnace":1},"minecraft:mined":{"minecraft:white_bed":1,"minecraft:furnace":1,"minecraft:iron_ore":46,"minecraft:andesite":2,"minecraft:crafting_table":5,"minecraft:granite":9,"minecraft:grass":7,"minecraft:grass_block":2,"minecraft:oak_log":12,"minecraft:coal_ore":57,"minecraft:dirt":3,"minecraft:tall_grass":2,"minecraft:stone":125,"minecraft:oak_leaves":1},"minecraft:crafted":{"minecraft:oak_door":3,"minecraft:oak_planks":48,"minecraft:crafting_table":2,"minecraft:stick":16,"minecraft:wooden_pickaxe":1,"minecraft:stone_pickaxe":2,"minecraft:stone_sword":1,"minecraft:furnace":1,"minecraft:white_bed":1,"minecraft:torch":20,"minecraft:stone_axe":1,"minecraft:air":0,"minecraft:cooked_mutton":5}},"DataVersion":2586}