{"stats":{"minecraft:killed":{"alexsmobs:raccoon":1,"minecraft:creeper":1,"minecraft:sheep":3,"minecraft:skeleton":1,"minecraft:zombie":1,"minecraft:chicken":2},"minecraft:custom":{"minecraft:interact_with_furnace":16,"minecraft:mob_kills":9,"minecraft:interact_with_crafting_table":15,"minecraft:play_one_minute":34858,"minecraft:leave_game":1,"minecraft:time_since_death":4638,"minecraft:sleep_in_bed":1,"minecraft:time_since_rest":3408,"minecraft:sprint_one_cm":74480,"minecraft:damage_taken":389,"minecraft:walk_one_cm":91440,"minecraft:damage_blocked_by_shield":445,"minecraft:drop":1,"minecraft:damage_dealt":983,"minecraft:fly_one_cm":50918,"minecraft:crouch_one_cm":1670,"tombstone:undead_killed":2,"minecraft:deaths":1,"minecraft:sneak_time":931,"minecraft:walk_under_water_one_cm":5039,"minecraft:jump":333,"minecraft:walk_on_water_one_cm":4713,"minecraft:fall_one_cm":7226},"minecraft:used":{"minecraft:stone_sword":33,"minecraft:stone_pickaxe":131,"minecraft:wooden_pickaxe":24,"minecraft:shield":8,"minecraft:iron_sword":7,"minecraft:cooked_chicken":2,"minecraft:torch":4,"minecraft:dirt":1,"minecraft:mutton":5,"minecraft:crafting_table":2,"minecraft:white_bed":4,"minecraft:iron_pickaxe":23,"minecraft:stone_axe":15,"minecraft:cobblestone":6,"minecraft:furnace":1,"alexsmobs:animal_dictionary":1},"minecraft:dropped":{"minecraft:oak_planks":15},"minecraft:broken":{"minecraft:stone_pickaxe":1},"minecraft:picked_up":{"minecraft:crafting_table":1,"minecraft:feather":3,"minecraft:chicken":2,"iceandfire:copper_ore":1,"minecraft:andesite":1,"minecraft:wooden_pickaxe":1,"minecraft:oak_log":14,"minecraft:gunpowder":2,"minecraft:dirt":1,"minecraft:apple":1,"minecraft:wheat_seeds":5,"minecraft:iron_ore":65,"minecraft:oak_planks":15,"minecraft:stick":3,"iceandfire:silver_ore":6,"minecraft:diorite":1,"minecraft:white_bed":3,"alexsmobs:centipede_leg":1,"minecraft:rotten_flesh":1,"minecraft:granite":1,"minecraft:oak_sapling":1,"minecraft:mutton":5,"minecraft:coal":67,"minecraft:white_wool":3,"minecraft:cobblestone":44},"minecraft:mined":{"minecraft:white_bed":3,"iceandfire:silver_ore":6,"minecraft:crafting_table":1,"minecraft:granite":1,"minecraft:grass_block":1,"minecraft:tall_grass":4,"minecraft:diorite":1,"iceandfire:copper_ore":1,"minecraft:iron_ore":65,"minecraft:grass":23,"minecraft:oak_log":14,"minecraft:coal_ore":65,"minecraft:stone":39,"minecraft:oak_leaves":9},"minecraft:crafted":{"minecraft:oak_planks":56,"minecraft:crafting_table":1,"minecraft:cooked_chicken":2,"minecraft:iron_helmet":1,"minecraft:iron_sword":1,"minecraft:furnace":1,"minecraft:stone_axe":1,"minecraft:air":0,"minecraft:iron_boots":1,"minecraft:iron_chestplate":1,"minecraft:shield":1,"minecraft:stick":12,"minecraft:iron_ingot":32,"minecraft:iron_pickaxe":1,"minecraft:stone_pickaxe":1,"minecraft:stone_sword":1,"minecraft:iron_leggings":1,"minecraft:white_bed":1,"minecraft:torch":4},"minecraft:killed_by":{"alexsmobs:centipede_head":1}},"DataVersion":2586}