{"stats":{"minecraft:killed":{"minecraft:sheep":3,"minecraft:zombie":1,"minecraft:chicken":2,"alexsmobs:raccoon":1},"minecraft:custom":{"minecraft:time_since_rest":3950,"minecraft:sprint_one_cm":38831,"minecraft:damage_taken":125,"minecraft:walk_one_cm":44686,"minecraft:mob_kills":7,"minecraft:damage_dealt":630,"minecraft:interact_with_crafting_table":3,"minecraft:fly_one_cm":38900,"minecraft:crouch_one_cm":376,"minecraft:play_one_minute":15104,"tombstone:undead_killed":1,"minecraft:sneak_time":260,"minecraft:jump":193,"minecraft:walk_on_water_one_cm":387,"minecraft:time_since_death":15104,"minecraft:sleep_in_bed":1,"minecraft:fall_one_cm":4988},"minecraft:used":{"minecraft:stone_sword":33,"minecraft:stone_pickaxe":35,"minecraft:wooden_pickaxe":11,"minecraft:stone_axe":15,"minecraft:torch":1,"minecraft:dirt":1,"minecraft:mutton":1,"minecraft:crafting_table":1,"minecraft:white_bed":1,"alexsmobs:animal_dictionary":1},"minecraft:picked_up":{"minecraft:stick":3,"minecraft:crafting_table":1,"minecraft:feather":3,"minecraft:chicken":2,"minecraft:andesite":1,"minecraft:wooden_pickaxe":1,"minecraft:oak_log":14,"minecraft:diorite":1,"minecraft:white_bed":1,"minecraft:dirt":1,"minecraft:rotten_flesh":1,"minecraft:apple":1,"minecraft:wheat_seeds":5,"minecraft:granite":1,"minecraft:iron_ore":13,"minecraft:oak_sapling":1,"minecraft:mutton":5,"minecraft:coal":17,"minecraft:white_wool":3,"minecraft:cobblestone":19},"minecraft:mined":{"minecraft:white_bed":1,"minecraft:iron_ore":13,"minecraft:crafting_table":1,"minecraft:granite":1,"minecraft:grass":23,"minecraft:grass_block":1,"minecraft:coal_ore":15,"minecraft:oak_log":14,"minecraft:tall_grass":4,"minecraft:stone":16,"minecraft:diorite":1,"minecraft:oak_leaves":9},"minecraft:crafted":{"minecraft:oak_planks":40,"minecraft:crafting_table":1,"minecraft:stick":8,"minecraft:stone_pickaxe":1,"minecraft:stone_sword":1,"minecraft:white_bed":1,"minecraft:torch":4,"minecraft:stone_axe":1}},"DataVersion":2586}