{"stats":{"minecraft:killed":{"alexsmobs:raccoon":1,"minecraft:creeper":1,"minecraft:sheep":3,"minecraft:zombie":1,"minecraft:chicken":2},"minecraft:custom":{"minecraft:interact_with_furnace":12,"minecraft:mob_kills":8,"minecraft:interact_with_crafting_table":11,"minecraft:play_one_minute":27104,"minecraft:time_since_death":27104,"minecraft:sleep_in_bed":1,"minecraft:time_since_rest":15950,"minecraft:sprint_one_cm":52517,"minecraft:damage_taken":125,"minecraft:walk_one_cm":71091,"minecraft:damage_blocked_by_shield":115,"minecraft:drop":1,"minecraft:damage_dealt":640,"minecraft:fly_one_cm":42782,"minecraft:crouch_one_cm":1670,"tombstone:undead_killed":1,"minecraft:sneak_time":901,"minecraft:jump":249,"minecraft:walk_on_water_one_cm":387,"minecraft:fall_one_cm":6068},"minecraft:used":{"minecraft:stone_sword":33,"minecraft:stone_pickaxe":109,"minecraft:wooden_pickaxe":20,"minecraft:shield":1,"minecraft:iron_sword":1,"minecraft:cooked_chicken":2,"minecraft:torch":3,"minecraft:dirt":1,"minecraft:mutton":5,"minecraft:crafting_table":2,"minecraft:white_bed":3,"minecraft:iron_pickaxe":8,"minecraft:stone_axe":15,"minecraft:cobblestone":6,"minecraft:furnace":1,"alexsmobs:animal_dictionary":1},"minecraft:dropped":{"minecraft:oak_planks":15},"minecraft:picked_up":{"minecraft:crafting_table":1,"minecraft:feather":3,"minecraft:chicken":2,"iceandfire:copper_ore":1,"minecraft:andesite":1,"minecraft:wooden_pickaxe":1,"minecraft:oak_log":14,"minecraft:gunpowder":2,"minecraft:dirt":1,"minecraft:apple":1,"minecraft:wheat_seeds":5,"minecraft:iron_ore":34,"minecraft:oak_planks":15,"minecraft:stick":3,"iceandfire:silver_ore":6,"minecraft:diorite":1,"minecraft:white_bed":2,"minecraft:rotten_flesh":1,"minecraft:granite":1,"minecraft:oak_sapling":1,"minecraft:mutton":5,"minecraft:coal":62,"minecraft:white_wool":3,"minecraft:cobblestone":36},"minecraft:mined":{"minecraft:white_bed":2,"iceandfire:silver_ore":6,"minecraft:crafting_table":1,"minecraft:granite":1,"minecraft:grass_block":1,"minecraft:tall_grass":4,"minecraft:diorite":1,"iceandfire:copper_ore":1,"minecraft:iron_ore":34,"minecraft:grass":23,"minecraft:oak_log":14,"minecraft:coal_ore":61,"minecraft:stone":33,"minecraft:oak_leaves":9},"minecraft:crafted":{"minecraft:oak_planks":56,"minecraft:crafting_table":1,"minecraft:cooked_chicken":2,"minecraft:iron_helmet":1,"minecraft:iron_sword":1,"minecraft:furnace":1,"minecraft:stone_axe":1,"minecraft:air":0,"minecraft:iron_chestplate":1,"minecraft:shield":1,"minecraft:stick":12,"minecraft:iron_ingot":19,"minecraft:iron_pickaxe":1,"minecraft:stone_pickaxe":1,"minecraft:stone_sword":1,"minecraft:white_bed":1,"minecraft:torch":4}},"DataVersion":2586}